KommuneNr,KommuneNavn,RegionNavn,Fylke,Innbyggere,Skriftsprak,Ordforer,Parti
0101,Halden,Halden,Østfold,29880,Bokmål,Thor Edquist,Høyre
0104,Moss,Moss,Østfold,30988,Nøytral,TagePettersen,Høyre
0105,Sarpsborg,Sarpsborg,Østfold,53696,Bokmål,SindreMartinsen-Evje,Ap
0106,Fredrikstad,Fredrikstad,Østfold,76807,Bokmål,Jon-IvarNygård,Ap
0111,Hvaler,Skjærhalden,Østfold,4284,Bokmål,EivindN.Borge,Frp
0118,Aremark,Fosby,Østfold,1425,Bokmål,GeirAarbu,Sp
0119,Marker,Ørje,Østfold,3587,Bokmål,SteinErikLauvås,Ap
0121,Rømskog,Rømskog,Østfold,691,Bokmål,KariPettersen,KrF
0122,Trøgstad,Skjønhaug,Østfold,5273,Bokmål,OleAndréMyhrvold,Sp
0123,Spydeberg,Spydeberg,Østfold,5474,Bokmål,KnutEspeland,KrF
0124,Askim,Askim,Østfold,15315,Bokmål,ThorHals,Høyre
0125,Eidsberg,Mysen,Østfold,11195,Bokmål,ErikUnaas,Høyre
0127,Skiptvet,Meieribyen,Østfold,3668,Bokmål,SveinOlavAgnalt,Ap
0128,Rakkestad,Rakkestad,Østfold,7860,Bokmål,EllenSolbrække,Ap
0135,Råde,Karlshus,Østfold,7053,Bokmål,ReneRafshol,Høyre
0136,Rygge,Rygge,Østfold,14967,Bokmål,Inger-LiseSkartlien,Ap
0137,Våler,Kirkebygden,Østfold,4857,Bokmål,ReidarKaabel,Sp
0138,Hobøl,Elvestad,Østfold,4980,Nøytral,HåvardWennevoldOsflaten,Ap
0211,Vestby,Vestby,Akershus,15605,Bokmål,JohnA.Ødbehr,Høyre
0213,Ski,Ski,Akershus,29307,Nøytral,AnneKristineEikebråten,Høyre
0214,Ås,Ås,Akershus,17568,Nøytral,JohanAlnes,Ap
0215,Frogn,Drøbak,Akershus,15469,Bokmål,ThoreVestby,Høyre
0216,Nesodden,Nesoddtangen,Akershus,17998,Bokmål,NinaSandberg,Ap
0217,Oppegård,Kolbotn,Akershus,25963,Bokmål,IldriEidemLøvaas,Høyre
0219,Bærum,Sandvika,Akershus,116677,Bokmål,LisbethHammerKrog,Høyre
0220,Asker,Asker,Akershus,57418,Bokmål,LeneConradi,Høyre
0221,Aurskog-Høland,Bjørkelangen,Akershus,15260,Bokmål,JanMærli,Ap
0226,Sørum,Sørumsand,Akershus,16363,Nøytral,AreTomasgard,Ap
0227,Fet,Fetsund,Akershus,10810,Bokmål,JohnHarrySkoglund,Ap
0228,Rælingen,Fjerdingby,Akershus,16420,Nøytral,ØivindSand,Ap
0229,Enebakk,Kirkebygda,Akershus,10560,Bokmål,TonjeAndersenOlsen,Høyre
0230,Lørenskog,Solheim,Akershus,34320,Nøytral,ÅgeTovan,Ap
0231,Skedsmo,Lillestrøm,Akershus,50532,Bokmål,OleJacobFlæten,Ap
0233,Nittedal,Rotnes,Akershus,21971,Bokmål,HildeThorkildsen,Ap
0234,Gjerdrum,Ask,Akershus,6264,Bokmål,AndersØstensen,Ap
0235,Ullensaker,Jessheim,Akershus,31743,Bokmål,HaraldEspelund,Frp
0236,Nes,Årnes,Akershus,19819,Bokmål,OddmarBlekkerud,Ap
0237,Eidsvoll,Eidsvoll,Akershus,22142,Bokmål,EinarMadsen,Ap
0238,Nannestad,Teigebyen,Akershus,11505,Bokmål,AnneRagniArntzen,Ap
0239,Hurdal,Hurdal,Akershus,2685,Bokmål,RunarBålsrud,Venstre
0301,Oslo,Oslo,Oslo,623966,Nøytral,FabianStang,Høyre
0402,Kongsvinger,Kongsvinger,Hedmark,17638,Bokmål,ØysteinØstgaard,Høyre
0403,Hamar,Hamar,Hedmark,29353,Nøytral,MortenAspeli,Ap
0412,Ringsaker,Brumunddal,Hedmark,33406,Bokmål,AnitaIhleSteen,Ap
0415,Løten,Løten,Hedmark,7479,Bokmål,BenteElinLilleøkseth,Ap
0417,Stange,Stange,Hedmark,19407,Bokmål,NilsA.Røhne,Ap
0418,Nord-Odal,Sand,Hedmark,5190,Bokmål,LiseSelnes,Ap
0419,Sør-Odal,Skarnes,Hedmark,7806,Bokmål,Anne-MetteØvrum,Høyre
0420,Eidskog,Skotterud,Hedmark,6282,Bokmål,KnutGustavWoie,Sp
0423,Grue,Kirkenær,Hedmark,4997,Bokmål,NielsF.Rolsdorph,Høyre
0425,Åsnes,Flisa,Hedmark,7600,Bokmål,ØrjanBue,Sp
0426,Våler,Våler,Hedmark,3826,Bokmål,KjellKonterud,Ap
0427,Elverum,Elverum,Hedmark,20343,Nøytral,ErikHanstad,Høyre
0428,Trysil,Innbygda,Hedmark,6689,Bokmål,OleMartinNorderhaug,Ap
0429,Åmot,Rena,Hedmark,4387,Bokmål,EspenAndreKristiansen,Ap
0430,Stor-Elvdal,Koppang,Hedmark,2641,Bokmål,EvenMoen,Sp
0432,Rendalen,Bergset,Hedmark,1910,Bokmål,NorvaldIllevold,Ap
0434,Engerdal,Engerdal,Hedmark,1376,Bokmål,LarsErikHyllvang,Sp
0436,Tolga,Tolga,Hedmark,1681,Nøytral,RagnhildAashaug,Sp
0437,Tynset,Tynset,Hedmark,5570,Nøytral,BersvendSalbu,SV
0438,Alvdal,Alvdal,Hedmark,2449,Nøytral,SveinBorkhus,Ap
0439,Folldal,Folldal,Hedmark,1654,Nøytral,EgilEide,Sp
0441,Os,Os,Hedmark,2035,Nøytral,ArnfinnNergård,Sp
0501,Lillehammer,Lillehammer,Oppland,26850,Bokmål,EspenJohnsen,Ap
0502,Gjøvik,Gjøvik,Oppland,29407,Bokmål,BjørnIddberg,Ap
0511,Dovre,Dovre,Oppland,2727,Nøytral,BengtFasteraune,Sp
0512,Lesja,Lesja,Oppland,2145,Nøytral,SteinarTronhus,Ap
0513,Skjåk,Bismo,Oppland,2279,Nynorsk,RolvKristenØygard,Sp
0514,Lom,Fossbergom,Oppland,2364,Nynorsk,BjarneEilofHolø,Sp
0515,Vågå,Vågåmo,Oppland,3716,Nynorsk,IselinJonassen,Ap
0516,Nord-Fron,Vinstra,Oppland,5827,Nynorsk,OlavRøssum,Sp
0517,Sel,Otta,Oppland,5952,Nøytral,DagErikPryhn,Ap
0519,Sør-Fron,Hundorp,Oppland,3193,Nøytral,OleTveteMuriteigen,Sp
0520,Ringebu,Vålebru,Oppland,4496,Nøytral,ErikOdlo,Sp
0521,Øyer,Tingberg,Oppland,5102,Nøytral,MariBotterud,Høyre
0522,Gausdal,Segalstadbru,Oppland,6141,Nøytral,HansOddvarHøistad,Ap
0528,ØstreToten,Lena,Oppland,14766,Bokmål,HansSeierstad,Sp
0529,VestreToten,Raufoss,Oppland,12999,Bokmål,LeifWaarum,Ap
0532,Jevnaker,Jevnaker,Oppland,6444,Bokmål,HildeBrørbyFivelsdal,Ap
0533,Lunner,Roa,Oppland,8880,Bokmål,HaraldTyrdal,Ap
0534,Gran,Jaren,Oppland,13550,Bokmål,KnutMagnarLehre,Ap
0536,SøndreLand,Hov,Oppland,5703,Bokmål,TerjeOdden,Ap
0538,NordreLand,Dokka,Oppland,6758,Bokmål,LivSolveigAlfstad,Ap
0540,Sør-Aurdal,Bagn,Oppland,3147,Nøytral,KåreHelland,Sp
0541,Etnedal,Bruflat,Oppland,1399,Nøytral,JanArildBerg,Sp
0542,Nord-Aurdal,Fagernes,Oppland,6396,Nøytral,IngerTorunKlosbøle,Ap
0543,VestreSlidre,Slidre,Oppland,2219,Nynorsk,LarsKvissel,Sp
0544,ØystreSlidre,Heggenes,Oppland,3197,Nynorsk,KjellBergeMelbybråten,Ap
0545,Vang,Vang,Oppland,1597,Nynorsk,VidarEltun,Ap
0602,Drammen,Drammen,Buskerud,65473,Nøytral,ToreOpdalHansen,Høyre
0604,Kongsberg,Kongsberg,Buskerud,25887,Bokmål,VidarLande,Ap
0605,Ringerike,Hønefoss,Buskerud,29400,Bokmål,KjellBørreHansen,Ap
0612,Hole,Vik,Buskerud,6463,Bokmål,PerR.Berger,Høyre
0615,Flå,Flå,Buskerud,1050,Bokmål,TorEgilBuøen,LL
0616,Nes,Nesbyen,Buskerud,3435,Bokmål,TorMagnussen,Høyre
0617,Gol,Gol,Buskerud,4667,Nynorsk,HallvorLilleslett,Venstre
0618,Hemsedal,Trøim,Buskerud,2224,Nynorsk,OddvarGrøthe,Sp
0619,Ål,Sundre,Buskerud,4761,Nynorsk,IvarBrevik,Sp
0620,Hol,Hol,Buskerud,4448,Nøytral,TonyArildKjøl,Høyre
0621,Sigdal,Prestfoss,Buskerud,3538,Bokmål,KariKolbrækAsk,Sp
0622,Krødsherad,Noresund,Buskerud,2223,Nøytral,OlavSkinnes,Sp
0623,Modum,Vikersund,Buskerud,13337,Bokmål,TerjeBråthen,Ap
0624,ØvreEiker,Hokksund,Buskerud,17752,Bokmål,AnnSireFjerdingstad,Høyre
0625,NedreEiker,Mjøndalen,Buskerud,23640,Bokmål,BentIngeBye,Ap
0626,Lier,Lierbyen,Buskerud,24763,Bokmål,HeleneJustad,Høyre
0627,Røyken,Midtbygda,Buskerud,20078,Bokmål,RuneKjølstad,Høyre
0628,Hurum,Klokkarstua,Buskerud,9321,Bokmål,MonicaVeeBratlie,Høyre
0631,Flesberg,Lampeland,Buskerud,2657,Bokmål,ThomasFosen,Høyre
0632,Rollag,Rollag,Buskerud,1355,Nøytral,DagLislien,Sp
0633,NoreogUvdal,Rødberg,Buskerud,2531,Nøytral,EliHovdPrestegården,Sp
0701,Horten,Horten,Vestfold,26595,Bokmål,BørreJacobsen,Høyre
0702,Holmestrand,Holmestrand,Vestfold,10350,Bokmål,AlfJohanSvele,Høyre
0704,Tønsberg,Tønsberg,Vestfold,41239,Bokmål,PetterBerg,Høyre
0706,Sandefjord,Sandefjord,Vestfold,44629,Bokmål,BjørnOleGleditsch,Høyre
0709,Larvik,Larvik,Vestfold,43132,Bokmål,RuneHøiseth,Ap
0711,Svelvik,Svelvik,Vestfold,6570,Bokmål,JonnGunnarLislelid,Ap
0713,Sande,Sande,Vestfold,8835,Bokmål,KarlEinarHaslestad,Ap
0714,Hof,Hof,Vestfold,3060,Bokmål,RagnarLindås,Høyre
0716,Re,Revetal,Vestfold,8994,Bokmål,ThorvaldHillestad,Sp
0719,Andebu,Andebu,Vestfold,5546,Bokmål,BjarneSommerstad,Sp
0720,Stokke,Stokke,Vestfold,11398,Bokmål,ErlendLarsen,Høyre
0722,Nøtterøy,Borgheim,Vestfold,21100,Bokmål,RoarJonstang,Høyre
0723,Tjøme,Tjøme,Vestfold,4865,Bokmål,JohnMarthiniussen,Høyre
0728,Lardal,Svarstad,Vestfold,2435,Bokmål,LivGrinde,Ap
0805,Porsgrunn,Porsgrunn,Telemark,35392,Nøytral,ØysteinKåreBeyer,Ap
0806,Skien,Skien,Telemark,53015,Nøytral,HeddaFossFive,Ap
0807,Notodden,Notodden,Telemark,12497,Nøytral,JørnChristensen,Høyre
0811,Siljan,Siljan,Telemark,2426,Nøytral,GunnBeritRyggHolmelid,Ap
0814,Bamble,Langesund,Telemark,14129,Nøytral,JonPieterFlølo,Frp
0815,Kragerø,Kragerø,Telemark,10700,Nøytral,KårePrebenHegland,Høyre
0817,Drangedal,Prestestranda,Telemark,4139,Nøytral,KarianneSydtveitReiten,Ap
0819,Nome,Ulefoss,Telemark,6625,Nøytral,BjørgTveitoLundefaret,Ap
0821,Bø,Bø,Telemark,5791,Nynorsk,OlavKasland,Venstre
0822,Sauherad,Akkerhaugen,Telemark,4369,Nøytral,HansSundsvalen,Ap
0826,Tinn,Rjukan,Telemark,5973,Nøytral,SteinarBergsland,Høyre
0827,Hjartdal,Sauland,Telemark,1609,Nynorsk,SveinToreLøkslid,Ap
0828,Seljord,Seljord,Telemark,2945,Nynorsk,SolveigSundbøAbrahamsen,Høyre
0829,Kviteseid,Kviteseid,Telemark,2507,Nynorsk,TorsteinTveito,Sp
0830,Nissedal,Treungen,Telemark,1430,Nynorsk,HalvorHomme,Ap
0831,Fyresdal,Folkestadbyen,Telemark,1350,Nynorsk,ErikSkjervågen,Ap
0833,Tokke,Dalen,Telemark,2284,Nynorsk,HildeAliceVågslid,Ap
0834,Vinje,Åmot,Telemark,3721,Nynorsk,ArneVinje,SV
0901,Risør,Risør,Aust-Agder,6848,Nøytral,PerLunden,Ap
0904,Grimstad,Grimstad,Aust-Agder,21594,Bokmål,HansAntonsen,Venstre
0906,Arendal,Arendal,Aust-Agder,43336,Bokmål,EinarHalvorsen,Høyre
0911,Gjerstad,Gjerstad,Aust-Agder,2484,Nøytral,KjellTrygveGrunnsvoll,Sp
0912,Vegårshei,Myra,Aust-Agder,1986,Nøytral,KjellTorp,KrF
0914,Tvedestrand,Tvedestrand,Aust-Agder,6064,Bokmål,JanDukene,LL
0919,Froland,Blakstad,Aust-Agder,5425,Nøytral,SigmundPedersen,Sp
0926,Lillesand,Lillesand,Aust-Agder,10032,Bokmål,ArneThomassen,Høyre
0928,Birkenes,Birkeland,Aust-Agder,4936,Nøytral,ArildWindsland,Høyre
0929,Åmli,Åmli,Aust-Agder,1815,Nynorsk,ReidarSaga,Ap
0935,Iveland,Birketveit,Aust-Agder,1283,Nøytral,GroAnitaMykjåland,Sp
0937,EvjeogHornnes,Evje,Aust-Agder,3556,Nøytral,BjørnAlfredRopstad,KrF
0938,Bygland,Bygland,Aust-Agder,1207,Nynorsk,LeivRygg,Sp
0940,Valle,Valle,Aust-Agder,1277,Nynorsk,TaraldMyrum,Sp
0941,Bykle,Bykle,Aust-Agder,929,Nynorsk,JonRolfNæss,Ap
1001,Kristiansand,Kristiansand,Vest-Agder,84476,Bokmål,ArvidGrundekjøn,Høyre
1002,Mandal,Mandal,Vest-Agder,15237,Bokmål,ToreAskildsen,KrF
1003,Farsund,Farsund,Vest-Agder,9441,Bokmål,RichardIvarBuch,Høyre
1004,Flekkefjord,Flekkefjord,Vest-Agder,9060,Bokmål,JanSigbjørnsen,Høyre
1014,Vennesla,Vennesla,Vest-Agder,13756,Nøytral,TorhildBransdal,KrF
1017,Songdalen,Nodeland,Vest-Agder,6285,Nøytral,JohnnyGreibesland,Sp
1018,Søgne,Tangvall,Vest-Agder,10960,Bokmål,ÅseSeverinsen,Høyre
1021,Marnardal,Heddeland,Vest-Agder,2292,Nøytral,HelgeSandåker,Ap
1026,Åseral,Kyrkjebygd,Vest-Agder,912,Nynorsk,OddmundLjosland,Sp
1027,Audnedal,Konsmo,Vest-Agder,1728,Nøytral,TønnesSeland,Sp
1029,Lindesnes,Vigeland,Vest-Agder,4796,Bokmål,JanneFardalKristoffersen,Høyre
1032,Lyngdal,Alleen,Vest-Agder,8011,Bokmål,IngunnFoss,Høyre
1034,Hægebostad,Tingvatn,Vest-Agder,1669,Nynorsk,ÅnenWerdal,Høyre
1037,Kvinesdal,Liknes,Vest-Agder,5899,Nøytral,OddOmland,Ap
1046,Sirdal,Tonstad,Vest-Agder,1831,Nøytral,JonnyLiland,Ap
1101,Eigersund,Egersund,Rogaland,14636,Bokmål,LeifErikEgaas,Høyre
1102,Sandnes,Sandnes,Rogaland,70046,Nøytral,StanleyWirak,Ap
1103,Stavanger,Stavanger,Rogaland,129191,Bokmål,ChristineSagenHelgø,Høyre
1106,Haugesund,Haugesund,Rogaland,35753,Bokmål,PetterSteenjr,Høyre
1111,Sokndal,Hauge,Rogaland,3286,Nøytral,TrondArnePedersen,KrF
1112,Lund,Moi,Rogaland,3173,Nøytral,PålA.Ravndal,KrF
1114,Bjerkreim,Vikeså,Rogaland,2779,Nynorsk,MarthonSkårland,Høyre
1119,Hå,Varhaug,Rogaland,17635,Nøytral,MonsSkrettingland,Høyre
1120,Klepp,Kleppe,Rogaland,18227,Nynorsk,AnneMariBrautNese,Høyre
1121,Time,Bryne,Rogaland,17437,Nynorsk,ReinertKverneland,Høyre
1122,Gjesdal,Ålgård,Rogaland,11039,Nøytral,OlaugVervikBollestad,KrF
1124,Sola,Sola,Rogaland,24579,Nøytral,OleUeland,Høyre
1127,Randaberg,Randaberg,Rogaland,10397,Nøytral,BjørnChristianKahrs,Høyre
1129,Forsand,Forsand,Rogaland,1227,Nynorsk,OleTomGuse,KrF
1130,Strand,Jørpeland,Rogaland,11882,Nøytral,HelgeSteinsvåg,Ap
1133,Hjelmeland,Hjelmelandsvågen,Rogaland,2799,Nynorsk,TrineL.Danielsen,Høyre
1134,Suldal,Sand,Rogaland,3872,Nynorsk,TorkelMyklebust,Sp
1135,Sauda,Sauda,Rogaland,4745,Nynorsk,FrodeSulen,Ap
1141,Finnøy,Judaberg,Rogaland,3015,Nynorsk,GroSkartveit,Venstre
1142,Rennesøy,Vikevåg,Rogaland,4619,Nøytral,DagnySunnanåHausken,Sp
1144,Kvitsøy,Ydstebøhavn,Rogaland,528,Nøytral,MirjamYdstebø,KrF
1145,Bokn,Føresvik,Rogaland,865,Nynorsk,KyrreLindanger,Ap
1146,Tysvær,Aksdal,Rogaland,10487,Nynorsk,HaraldStakkestad,Høyre
1149,Karmøy,Kopervik,Rogaland,41118,Nøytral,AaseSimonsen,Høyre
1151,Utsira,Utsira,Rogaland,209,Nøytral,JarleNilsen,Ap
1160,Vindafjord,Ølensjøen,Rogaland,8615,Nynorsk,OleJohanVierdal,Sp
1201,Bergen,Bergen,Hordaland,267950,Nøytral,TrudeDrevland,Høyre
1211,Etne,Etnesjøen,Hordaland,4040,Nynorsk,SigveSørheim,Sp
1216,Sveio,Sveio,Hordaland,5400,Nynorsk,RuthGretheEriksen,Høyre
1219,Bømlo,Svortland,Hordaland,11638,Nynorsk,OddHaraldHovland,Ap
1221,Stord,Leirvik,Hordaland,18161,Nynorsk,LivKariEskeland,Høyre
1222,Fitjar,Fitjar,Hordaland,2980,Nynorsk,WencheTislevoll,Høyre
1223,Tysnes,Uggdal,Hordaland,2736,Nynorsk,KjetilHestad,Ap
1224,Kvinnherad,Rosendal,Hordaland,13305,Nynorsk,SynnøveSolbakken,Ap
1227,Jondal,Jondal,Hordaland,1046,Nynorsk,JonLarsgard,Sp
1228,Odda,Odda,Hordaland,6988,Nøytral,JohnOpdal,Høyre
1231,Ullensvang,Kinsarvik,Hordaland,3403,Nynorsk,SolfridBorge,Sp
1232,Eidfjord,Eidfjord,Hordaland,952,Nynorsk,AnvedJohanTveit,Sp
1233,Ulvik,Ulvik,Hordaland,1113,Nynorsk,HansPetterThorbjørnsen,Ap
1234,Granvin,Granvin,Hordaland,904,Nynorsk,IngebjørgWinjum,Venstre
1235,Voss,Vossevangen,Hordaland,14061,Nynorsk,Hans-ErikRingkjøb,Ap
1238,Kvam,Norheimsund,Hordaland,8584,Nynorsk,AsbjørnTolo,Høyre
1241,Fusa,Eikelandsosen,Hordaland,3818,Nynorsk,HansS.Vindenes,Sp
1242,Samnanger,Tysse,Hordaland,2434,Nynorsk,MaritA.Aase,KrF
1243,Os,Osøyro,Hordaland,18142,Nynorsk,TerjeSøviknes,Frp
1244,Austevoll,Storebø,Hordaland,4838,Nynorsk,HelgeAndreNjåstad,Frp
1245,Sund,Skogsvåg,Hordaland,6514,Nynorsk,OveBerntTrellevik,Høyre
1246,Fjell,Straume,Hordaland,23277,Nynorsk,EliÅrdalBerland,Høyre
1247,Askøy,Kleppestø,Hordaland,26831,Nøytral,SivHøgtun,Høyre
1251,Vaksdal,Dale,Hordaland,4132,Nynorsk,EirikHaga,Ap
1252,Modalen,Mo,Hordaland,383,Nynorsk,KnutMoe,Høyre
1253,Osterøy,Lonevåg,Hordaland,7674,Nynorsk,KariFoseidAakre,Ap
1256,Meland,Frekhaug,Hordaland,7347,Nynorsk,NilsMartonAadland,Høyre
1259,Øygarden,Tjeldstø,Hordaland,4563,Nynorsk,OttoHarkestad,Ap
1260,Radøy,Manger,Hordaland,5003,Nynorsk,JonAskeland,Sp
1263,Lindås,Knarvik,Hordaland,14820,Nynorsk,AstridAarhusByrknes,KrF
1264,Austrheim,Årås,Hordaland,2833,Nynorsk,PerLerøy,Ap
1265,Fedje,Fedje,Hordaland,569,Nynorsk,KristinHandeland,Ap
1266,Masfjorden,Masfjordnes,Hordaland,1696,Nynorsk,KarsteinTotland,Høyre
1401,Flora,Florø,SognogFjordane,11697,Nynorsk,BengtSolheim-Olsen,Høyre
1411,Gulen,Eivindvik,SognogFjordane,2305,Nynorsk,HallvardOppedal,Sp
1412,Solund,Hardbakke,SognogFjordane,842,Nynorsk,OleGunnarKrakhellen,Høyre
1413,Hyllestad,Hyllestad,SognogFjordane,1428,Nynorsk,JanOlavGjerde,Ap
1416,Høyanger,Høyanger,SognogFjordane,4222,Nynorsk,PetterSortland,Ap
1417,Vik,Vikøyri,SognogFjordane,2731,Nynorsk,MartaFindenHalset,Ap
1418,Balestrand,Balestrand,SognogFjordane,1337,Nynorsk,HaraldOfferdal,Ap
1419,Leikanger,Hermansverk,SognogFjordane,2255,Nynorsk,OlavLunden,Ap
1420,Sogndal,Sogndalsfjøra,SognogFjordane,7477,Nynorsk,JarleAarvoll,Ap
1421,Aurland,Aurlandsvangen,SognogFjordane,1714,Nynorsk,NoralvDistad,Høyre
1422,Lærdal,Lærdalsøyri,SognogFjordane,2176,Nynorsk,JanGeirSolheim,Sp
1424,Årdal,Årdalstangen,SognogFjordane,5521,Nynorsk,ArildIngarLægreid,Ap
1426,Luster,Gaupne,SognogFjordane,5041,Nynorsk,IvarKvalen,Sp
1428,Askvoll,Askvoll,SognogFjordane,3018,Nynorsk,FridaMelvær,Høyre
1429,Fjaler,Dale,SognogFjordane,2871,Nynorsk,ArveHelle,Ap
1430,Gaular,Sande,SognogFjordane,2923,Nynorsk,MathiasRåheim,Høyre
1431,Jølster,Skei,SognogFjordane,3078,Nynorsk,GerdDvergsdal,Sp
1432,Førde,Førde,SognogFjordane,12559,Nynorsk,OlveGrotle,Høyre
1433,Naustdal,Naustdal,SognogFjordane,2713,Nynorsk,HåkonMyrvang,Ap
1438,Bremanger,Svelgen,SognogFjordane,3945,Nynorsk,KarlVidarFørde,Sp
1439,Vågsøy,Måløy,SognogFjordane,6119,Nynorsk,MortenAndreasHagen,Høyre
1441,Selje,Selje,SognogFjordane,2789,Nynorsk,OttarNygård,LL
1443,Eid,Nordfjordeid,SognogFjordane,5920,Nynorsk,AlfredBjørlo,Venstre
1444,Hornindal,Hornindal,SognogFjordane,1238,Nynorsk,Anne-BrittØenNygård,Sp
1445,Gloppen,Sandane,SognogFjordane,5676,Nynorsk,AndersRyssdal,Sp
1449,Stryn,Stryn,SognogFjordane,7105,Nynorsk,SvenFlo,Høyre
1502,Molde,Molde,MøreogRomsdal,25936,Nøytral,TorgeirDahl,Høyre
1504,Ålesund,Ålesund,MøreogRomsdal,45033,Nøytral,BjørnTømmerdal,Høyre
1505,Kristiansund,Kristiansund,MøreogRomsdal,24131,Bokmål,PerKristianØyen,Ap
1511,Vanylven,Fiskåbygd,MøreogRomsdal,3336,Nynorsk,JanHelgøy,KrF
1514,Sande,Larsnes,MøreogRomsdal,2628,Nynorsk,DagVaagen,Høyre
1515,Herøy,Fosnavåg,MøreogRomsdal,8847,Nynorsk,ArnulfGoksøyr,Høyre
1516,Ulstein,Ulsteinvik,MøreogRomsdal,7927,Nynorsk,JanBerset,Høyre
1517,Hareid,Hareid,MøreogRomsdal,5057,Nynorsk,AndersRiise,Høyre
1519,Volda,Volda,MøreogRomsdal,8827,Nynorsk,ArillIversen,KrF
1520,Ørsta,Ørsta,MøreogRomsdal,10456,Nynorsk,RuneHovde,Høyre
1523,Ørskog,Sjøholt,MøreogRomsdal,2267,Nynorsk,ThorbjørnFylling,Frp
1524,Norddal,Valldal,MøreogRomsdal,1739,Nynorsk,BjørnIngeRuset,Ap
1525,Stranda,Stranda,MøreogRomsdal,4610,Nynorsk,JanOveTryggestad,Sp
1526,Stordal,Stordal,MøreogRomsdal,1052,Nynorsk,CharlesTøsse,Høyre
1528,Sykkylven,Aure,MøreogRomsdal,7673,Nynorsk,PetterLyshol,Høyre
1529,Skodje,Skodje,MøreogRomsdal,4282,Nynorsk,TerjeVadset,Frp
1531,Sula,Langevåg,MøreogRomsdal,8397,Nynorsk,GeirOveVegsund,Høyre
1532,Giske,Valderøya,MøreogRomsdal,7541,Nynorsk,KnutStøbakk,KrF
1534,Haram,Brattvåg,MøreogRomsdal,9020,Nynorsk,BjørnSandnes,Høyre
1535,Vestnes,Vestnes,MøreogRomsdal,6626,Nynorsk,GeirIngeLien,Sp
1539,Rauma,Åndalsnes,MøreogRomsdal,7421,Nøytral,LarsOlavHustad,Høyre
1543,Nesset,Eidsvåg,MøreogRomsdal,2995,Nynorsk,RolfJonasHurlen,Høyre
1545,Midsund,Midsund,MøreogRomsdal,2010,Nynorsk,EinarØien,Frp
1546,Sandøy,Steinshamn,MøreogRomsdal,1291,Nynorsk,HansEndreSæterøy,Høyre
1547,Aukra,Falkhytta,MøreogRomsdal,3339,Nynorsk,BernhardRiksfjord,Ap
1548,Fræna,Elnesvågen,MøreogRomsdal,9614,Nynorsk,NilsJohanGjendem,Frp
1551,Eide,Eide,MøreogRomsdal,3476,Bokmål,OveSilseth,Høyre
1554,Averøy,Bruhagen,MøreogRomsdal,5651,Nøytral,AnnKristinSørvik,Sp
1557,Gjemnes,Batnfjordsøra,MøreogRomsdal,2557,Nøytral,OddSteinarBjerkeset,KrF
1560,Tingvoll,Tingvoll,MøreogRomsdal,3116,Nøytral,PederHanemAasprang,Sp
1563,Sunndal,Sunndalsøra,MøreogRomsdal,7205,Nøytral,StåleRefstie,Ap
1566,Surnadal,Skei,MøreogRomsdal,5927,Nynorsk,MonsOtnes,Ap
1567,Rindal,Rindal,MøreogRomsdal,2061,Nøytral,OlaT.Heggem,Sp
1571,Halsa,Liabø,MøreogRomsdal,1606,Nøytral,OlaRognskog,Sp
1573,Smøla,Hopen,MøreogRomsdal,2180,Nøytral,RogerOlsen,Ap
1576,Aure,Aure,MøreogRomsdal,3570,Nøytral,IngunnOldervikGolmen,Sp
1601,Trondheim,Trondheim,Sør-Trøndelag,179692,Nøytral,RitaOttervik,Ap
1612,Hemne,Kyrksæterøra,Sør-Trøndelag,4228,Nøytral,StåleVaag,Ap
1613,Snillfjord,Krokstadøra,Sør-Trøndelag,985,Nøytral,JohnGeirStølan,Sp
1617,Hitra,Fillan,Sør-Trøndelag,4477,Nøytral,OleHaugen,Ap
1620,Frøya,Sistranda,Sør-Trøndelag,4506,Bokmål,BeritFlåmo,Ap
1621,Ørland,Brekstad,Sør-Trøndelag,5155,Bokmål,HallgeirGrøntvedt,Sp
1622,Agdenes,Lensvik,Sør-Trøndelag,1712,Bokmål,OddvarIndergård,LL
1624,Rissa,Rissa,Sør-Trøndelag,6652,Nøytral,OveVollan,Høyre
1627,Bjugn,Botngård,Sør-Trøndelag,4665,Bokmål,ArnfinnAstad,Ap
1630,Åfjord,Årnes,Sør-Trøndelag,3237,Nøytral,VibekeStjern,Ap
1632,Roan,Roan,Sør-Trøndelag,996,Nøytral,JanHelgeGrydeland,Sp
1633,Osen,Steinsdalen,Sør-Trøndelag,1010,Bokmål,JørnNordmeland,Venstre
1634,Oppdal,Oppdal,Sør-Trøndelag,6794,Nøytral,OlaRøtvei,Ap
1635,Rennebu,Berkåk,Sør-Trøndelag,2534,Nøytral,OlaT.Lånke,KrF
1636,Meldal,Meldal,Sør-Trøndelag,3967,Nøytral,AreHilstad,Ap
1638,Orkdal,Orkanger,Sør-Trøndelag,11519,Nøytral,GunnarLysholm,LL
1640,Røros,Røros,Sør-Trøndelag,5589,Nøytral,HansVintervold,Ap
1644,Holtålen,Ålen,Sør-Trøndelag,2030,Nøytral,HeidiGreni,Sp
1648,MidtreGauldal,Støren,Sør-Trøndelag,6266,Bokmål,ErlingLenvik,Ap
1653,Melhus,Melhus,Sør-Trøndelag,15679,Nøytral,JoridJagtøyen,Sp
1657,Skaun,Børsa,Sør-Trøndelag,7143,Nøytral,JonP.Husby,Sp
1662,Klæbu,Klæbu,Sør-Trøndelag,5939,Bokmål,JarleMartinGundersen,Sp
1663,Malvik,Hommelvik,Sør-Trøndelag,13085,Bokmål,TerjeGranmo,Ap
1664,Selbu,Mebond,Sør-Trøndelag,4030,Nøytral,IngaBalstad,Ap
1665,Tydal,Tydal,Sør-Trøndelag,865,Bokmål,JohnPaulsby,Venstre
1702,Steinkjer,Steinkjer,Nord-Trøndelag,21392,Nøytral,BjørnArildGram,Sp
1703,Namsos,Namsos,Nord-Trøndelag,12988,Nøytral,MortenStene,Ap
1711,Meråker,Midtbygda,Nord-Trøndelag,2510,Bokmål,BårdLangsåvold,Ap
1714,Stjørdal,Stjørdalshalsen,Nord-Trøndelag,22379,Nøytral,JohanArntElverum,Sp
1717,Frosta,Frosta,Nord-Trøndelag,2627,Nøytral,JohanPetterSkogseth,Sp
1718,Leksvik,Leksvik,Nord-Trøndelag,3531,Nøytral,EinarStrøm,Sp
1719,Levanger,Levanger,Nord-Trøndelag,19078,Nøytral,RobertSvarva,Ap
1721,Verdal,Verdal,Nord-Trøndelag,14539,Nøytral,BjørnIversen,Ap
1724,Verran,Malm,Nord-Trøndelag,2834,Nøytral,BjørnSkjelstad,Sp
1725,Namdalseid,Namdalseid,Nord-Trøndelag,1699,Nøytral,SteinarLyngstad,Sp
1756,Inderøy,Straumen,Nord-Trøndelag,6692,Nøytral,IdaStuberg,Sp
1736,Snåsa,Snåsa,Nord-Trøndelag,2154,Nøytral,VigdisHjulstadBelbo,Sp
1738,Lierne,Nordli,Nord-Trøndelag,1401,Nøytral,AlfRobertArvasli,Ap
1739,Røyrvik,Røyrvik,Nord-Trøndelag,503,Nøytral,ArntMickelsen,Ap
1740,Namsskogan,Namsskogan,Nord-Trøndelag,902,Nøytral,StianBrekkvassmo,Ap
1742,Grong,Grong,Nord-Trøndelag,2465,Nøytral,SkjalgÅkerøy,Ap
1743,Høylandet,Høylandet,Nord-Trøndelag,1263,Nøytral,HegeNordheim-Viken,Sp
1744,Overhalla,Ranemsletta,Nord-Trøndelag,3688,Nøytral,PerOlavTyldum,Sp
1748,Fosnes,Jøa,Nord-Trøndelag,669,Bokmål,BjørgTingstad,Sp
1749,Flatanger,Lauvsnes,Nord-Trøndelag,1158,Nøytral,OlavJørgenBjørkås,Sp
1750,Vikna,Rørvik,Nord-Trøndelag,4300,Nøytral,ReinertEidshaug,Ap
1751,Nærøy,Kolvereid,Nord-Trøndelag,5097,Bokmål,SteinarAspli,Sp
1755,Leka,Leknes,Nord-Trøndelag,574,Nøytral,PerHelgeJohansen,Sp
1804,Bodø,Bodø,Nordland,49203,Nøytral,Ole-HenrikHjartøy,Høyre
1805,Narvik,Narvik,Nordland,18509,Bokmål,ToreNysæter,Høyre
1811,Bindal,Terråk,Nordland,1545,Bokmål,PetterBjørnli,Høyre
1812,Sømna,Vik,Nordland,2033,Bokmål,EdmundDahle,Sp
1813,Brønnøy,Brønnøysund,Nordland,7859,Nøytral,KjellH.Trælnes,Sp
1815,Vega,Gladstad,Nordland,1238,Bokmål,AndreMøller,Ap
1816,Vevelstad,Vevelstad,Nordland,500,Bokmål,Ken-RichardHansen,Sp
1818,Herøy,Silvalen,Nordland,1759,Bokmål,ArntFrodeJensen,Ap
1820,Alstahaug,Sandnessjøen,Nordland,7361,Nøytral,BårdAndersLangø,Ap
1822,Leirfjord,Leland,Nordland,2144,Nøytral,MagnarJohnsen,Sp
1824,Vefsn,Mosjøen,Nordland,13252,Nøytral,Jann-ArneLøvdal,Ap
1825,Grane,Trofors,Nordland,1459,Nøytral,BjørnIvarLamo,Ap
1826,Hattfjelldal,Hattfjelldal,Nordland,1471,Nøytral,AsgeirAlmås,Ap
1827,Dønna,Solfjellsjøen,Nordland,1431,Bokmål,AnneS.Mathisen,Ap
1828,Nesna,Nesna,Nordland,1875,Bokmål,MaritBye,Høyre
1832,Hemnes,Korgen,Nordland,4620,Nøytral,KjellJoarPettersen-Øverleir,Høyre
1833,Rana,MoiRana,Nordland,25752,Nøytral,KaiHenningHenriksen,Høyre
1834,Lurøy,Lurøy,Nordland,1916,Bokmål,BjørnarSkjæran,Ap
1835,Træna,Husøy,Nordland,506,Bokmål,PerPedersen,KrF
1836,Rødøy,Vågaholmen,Nordland,1310,Nøytral,OlavTerjeHoff,Sp
1837,Meløy,Ørnes,Nordland,6582,Bokmål,PerSwensen,Høyre
1838,Gildeskål,Inndyr,Nordland,2006,Nøytral,PetterJørgenPedersen,Ap
1839,Beiarn,Moldjord,Nordland,1075,Bokmål,MonikaSande,Sp
1840,Saltdal,Rognan,Nordland,4745,Bokmål,Finn-ObertBerntsen,Ap
1841,Fauske,Fauske,Nordland,9513,Bokmål,SivAnitaJohnsen,Ap
1845,Sørfold,Straumen,Nordland,1981,Bokmål,LarsEvjenth,Ap
1848,Steigen,Leinesfjord,Nordland,2552,Bokmål,AsleSchrøder,Sp
1849,Hamarøy,Oppeid,Nordland,1791,Nøytral,RolfSteffensen,Ap
1850,Tysfjord,Kjøpsvik,Nordland,1978,Nøytral,TorAsgeirJohansen,Ap
1851,Lødingen,Lødingen,Nordland,2220,Bokmål,AnitaMarthinussen,Høyre
1852,Tjeldsund,Hol,Nordland,1278,Bokmål,BjørnarO.Pettersen,Høyre
1853,Evenes,Bogen,Nordland,1376,Bokmål,JardarJensen,Høyre
1854,Ballangen,Ballangen,Nordland,2599,Bokmål,Anne-RitaNicklasson,Høyre
1856,Røst,Røst,Nordland,565,Bokmål,Tor-ArneAndreassen,Ap
1857,Værøy,Sørland,Nordland,754,Bokmål,HaraldAdolfsen,Høyre
1859,Flakstad,Ramberg,Nordland,1376,Nøytral,SteinIversen,Sp
1860,Vestvågøy,Leknes,Nordland,10870,Nøytral,JonnyFinstad,Høyre
1865,Vågan,Svolvær,Nordland,9207,Nøytral,EivindHolst,Høyre
1866,Hadsel,Stokmarknes,Nordland,8050,Bokmål,Kjell-BørgeFreiberg,Frp
1867,Bø,Straume,Nordland,2654,Nøytral,SturePedersen,Høyre
1868,Øksnes,Myre,Nordland,4472,Nøytral,JørnMartinussen,Høyre
1870,Sortland,Sortland,Nordland,10082,Nøytral,GreteEllingsen,Høyre
1871,Andøy,Andenes,Nordland,5024,Nøytral,JonniSolsvik,Høyre
1874,Moskenes,Reine,Nordland,1118,Nøytral,LillianRasmussen,LL
1903,Harstad,Harstad,Troms,24291,Nøytral,MarianneBremnes,Ap
1902,Tromsø,Tromsø,Troms,70358,Nøytral,JensJohanHjort,Høyre
1911,Kvæfjord,Borkenes,Troms,3082,Nøytral,TorbjørnLarsen,Ap
1913,Skånland,Evenskjer,Troms,2940,Bokmål,EinarAune,Høyre
1917,Ibestad,Hamnvik,Troms,1421,Bokmål,DagBrustind,Høyre
1919,Gratangen,Årstein,Troms,1119,Nøytral,RonnyGrinstein,Sp
1920,Lavangen,Tennevoll,Troms,1012,Nøytral,ErlingBratsberg,Sp
1922,Bardu,Setermoen,Troms,3933,Nøytral,ArneNysted,Ap
1923,Salangen,Sjøvegan,Troms,2220,Nøytral,IvarPrestbakmo,Sp
1924,Målselv,Moen,Troms,6630,Nøytral,HeleneRognli,Høyre
1925,Sørreisa,Sørreisa,Troms,3407,Nøytral,PaulDahlø,Ap
1926,Dyrøy,Brøstadbotn,Troms,1190,Bokmål,RandiLillegård,Ap
1927,Tranøy,Vangsvik,Troms,1514,Nøytral,OddArneAndreassen,Ap
1928,Torsken,Gryllefjord,Troms,880,Bokmål,FredFlakstad,Ap
1929,Berg,Skaland,Troms,924,Bokmål,GuttormNergård,Venstre
1931,Lenvik,Finnsnes,Troms,11455,Nøytral,Geir-IngeSivertsen,Høyre
1933,Balsfjord,Storsteinnes,Troms,5562,Bokmål,Ole-JohanRødvei,Høyre
1936,Karlsøy,Hansnes,Troms,2317,Nøytral,HannyDitlefsen,LL
1938,Lyngen,Lyngseidet,Troms,3013,Nøytral,SølviGunnJensen,Ap
1939,Storfjord,Hatteng,Troms,1942,Nøytral,SigmundSteinnes,Ap
1940,Kåfjord,Olderdalen,Troms,2208,Bokmål,BjørnIngeMo,Ap
1941,Skjervøy,Skjervøy,Troms,2905,Bokmål,TorgeirJohnsen,Kystpartiet
1942,Nordreisa,Storslett,Troms,4850,Bokmål,LidvartJakobsen,Ap
1943,Kvænangen,Burfjord,Troms,1245,Nøytral,JanHelgeJensen,Kystpartiet
2002,Vardø,Vardø,Finnmark,2128,Nøytral,LasseHaughom,Frp
2003,Vadsø,Vadsø,Finnmark,6163,Bokmål,SveinDragnes,Ap
2004,Hammerfest,Hammerfest,Finnmark,10072,Bokmål,AlfE.Jakobsen,Ap
2011,Kautokeino,Kautokeino,Finnmark,2923,Bokmål,KlemetErlandHætta,LL
2012,Alta,Alta,Finnmark,19646,Bokmål,LailaDavidsen,Høyre
2014,Loppa,Øksfjord,Finnmark,1070,Bokmål,JanErikJensen,Kystpartiet
2015,Hasvik,Breivikbotn,Finnmark,1023,Bokmål,EvaD.Husby,Ap
2017,Kvalsund,Kvalsund,Finnmark,1036,Bokmål,RagnarOlsen,Ap
2018,Måsøy,Havøysund,Finnmark,1240,Bokmål,AnneKarinOlli,Høyre
2019,Nordkapp,Honningsvåg,Finnmark,3205,Nøytral,KristinaHansen,Ap
2020,Porsanger,Lakselv,Finnmark,3968,Bokmål,KnutRogerHanssen,Høyre
2021,Karasjok,Karasjok,Finnmark,2721,Bokmål,AnneTorilEriksenBalto,Sp
2022,Lebesby,Kjøllefjord,Finnmark,1339,Bokmål,StineAkselsen,Ap
2023,Gamvik,Mehamn,Finnmark,1063,Nøytral,IngaManndal,SV
2024,Berlevåg,Berlevåg,Finnmark,1025,Bokmål,KarstenG.Schanche,Høyre
2025,Tana,Tanabru,Finnmark,2900,Bokmål,FrankIngilæ,Ap
2027,Nesseby,Varangerbotn,Finnmark,882,Bokmål,KnutIngeStore,Ap
2028,Båtsfjord,Båtsfjord,Finnmark,2162,Nøytral,GeirKnutsen,Ap
2030,Sør-Varanger,Kirkenes,Finnmark,9968,Bokmål,CecilieHansen,Sp
